13,mostafa,111,mostafa_saad_ibrahim,mostafa@gmail.com,1
11,noha,222,noha_salah,nono171@gmail.com,0
45,ali,333,ali_wael,wael@gmail.com,0
46,Ahmed,123,Kashkoush,kashkoush@kash.com,0
47,Brad,555,Brad_Max,Brad@Brad.com,1
48,ms,111,mohammed_Saad,m@m.com,0
49,ahmedAli,222,ahmed_Ali,aa@aa.com,1
50,ak,333,aka_khalid,a@a.com,0
